company,week_start,num_memes,mean_meme_sentiment,meme_engagement,meme_spike
adidas,2023-10-02,1,-0.38215620136634243,0.6931471805599453,0
adidas,2024-07-01,2,0.016280989582810435,1.4451858789480825,0
adidas,2024-09-16,3,-0.020693117092832836,0.6931471805599453,1
adidas,2024-09-30,1,-0.15475492768939603,0.6931471805599453,0
adidas,2024-10-28,1,-0.10452653484472307,2.1972245773362196,0
airbnb,2024-05-27,1,-0.29671172912577504,0.6931471805599453,0
airbnb,2024-06-10,1,-0.3233690902065405,0.6931471805599453,0
airbnb,2024-06-17,2,-0.10721063971504918,1.545521226679158,0
airbnb,2024-07-29,4,-0.06802818314270098,1.2687934538084567,1
airbnb,2024-08-05,1,-0.01588360194832461,0.6931471805599453,0
airbnb,2024-10-28,1,-0.003197375452145934,3.6635616461296463,0
amazon,2023-02-27,1,-0.2208834108893427,5.056245805348308,0
amazon,2023-03-20,1,0.04192447939470867,3.784189633918261,0
amazon,2023-07-10,1,0.26677892409225024,0.6931471805599453,0
amazon,2023-07-17,1,-0.029035394960317262,0.6931471805599453,0
amazon,2023-07-24,2,-0.04382251074821397,0.6931471805599453,0
amazon,2023-08-14,2,0.1765830010845093,0.6931471805599453,0
amazon,2023-08-21,2,-0.5201394113246351,0.6931471805599453,0
amazon,2023-09-11,2,0.08820069202153036,0.6931471805599453,0
amazon,2023-10-09,2,0.15662033342232462,0.6931471805599453,0
amazon,2023-10-23,2,0.013561856735350375,0.6931471805599453,0
amazon,2023-11-13,1,0.08282515138398594,0.6931471805599453,0
amazon,2023-12-04,2,0.1513921178302553,1.9143206982445475,0
amazon,2023-12-25,2,-0.05780955448653913,3.1401979194800975,0
amazon,2024-01-22,1,-0.0879399737130484,2.1972245773362196,0
amazon,2024-01-29,1,-0.06439300226691103,0.6931471805599453,0
amazon,2024-02-05,1,0.1383996691255902,0.6931471805599453,0
amazon,2024-03-18,2,-0.04876061872346327,1.791759469228055,0
amazon,2024-04-08,2,0.18718966376036406,3.0031765798008663,0
amazon,2024-05-06,2,0.028279170274345233,1.629048269010741,0
amazon,2024-05-13,1,-0.12114856083957193,0.6931471805599453,0
amazon,2024-05-27,2,0.5364892593352124,5.004554017199907,0
amazon,2024-06-03,3,-0.034460585040505975,5.517584944869719,0
amazon,2024-07-01,2,-0.08077250105998246,0.6931471805599453,0
amazon,2024-07-29,3,0.21817011539464679,2.460915483246304,0
amazon,2024-08-05,1,-0.02461132764148033,3.1354942159291497,0
amazon,2024-08-12,2,-0.03626326372676658,1.9944920232821373,0
amazon,2024-08-19,4,0.010336393227788676,2.302184772652302,1
amazon,2024-08-26,2,-0.16361374385769523,2.727660557678851,0
amazon,2024-09-02,3,-0.01177759085049009,0.8283022165960001,0
amazon,2024-09-09,1,0.21433174696630886,0.6931471805599453,0
amazon,2024-09-16,3,-0.037864857992265875,0.6931471805599453,0
amazon,2024-09-23,2,0.0821456650392065,1.791759469228055,0
amazon,2024-09-30,3,-0.04034413261866613,1.110734836725068,0
amazon,2024-10-07,8,0.0445318824021399,2.030794044606195,1
amazon,2024-10-14,5,0.07268423420872523,2.925982415113945,1
amazon,2024-10-28,2,-0.026331524289204822,5.572522558594668,0
amazon,2024-11-04,4,-0.04537066859594319,3.877016335074284,1
amazon,2024-11-11,1,0.07587676455113979,0.6931471805599453,0
amazon,2024-11-18,2,-0.10140442777856151,4.725111519647335,0
amazon,2024-12-02,3,0.051772650376506135,3.2868600171749507,0
amazon,2024-12-16,2,0.05842672591742826,5.457344192096635,0
americanexpress,2024-06-24,1,0.4892023466527462,2.9444389791664403,0
americanexpress,2024-07-29,1,0.01463564397289474,0.6931471805599453,0
americanexpress,2024-11-25,1,-0.029746895976032306,1.791759469228055,0
apple,2023-01-23,1,-0.15155968500516792,7.606387389772652,0
apple,2023-02-06,1,-0.02813734898677467,3.1354942159291497,0
apple,2023-02-13,2,-0.11678800641470843,3.3714403178959516,0
apple,2023-03-27,2,-0.11051495930894362,2.644133515347268,0
apple,2023-04-17,1,0.0933622220363759,3.295836866004329,0
apple,2023-05-08,1,-0.5383336930420626,3.295836866004329,0
apple,2023-05-22,1,0.09245824173558503,5.605802066295998,0
apple,2023-06-05,3,-0.09656302660002088,4.161617150421919,0
apple,2023-06-19,3,0.06078404742068718,3.7081844780960806,0
apple,2023-07-17,1,-0.10469746236594801,0.6931471805599453,0
apple,2023-07-24,2,0.11706519238941837,0.6931471805599453,0
apple,2023-08-07,1,0.24895781334646472,0.6931471805599453,0
apple,2023-08-21,2,-0.06728687266900124,0.6931471805599453,0
apple,2023-09-11,7,-0.05107132346084394,0.6931471805599453,0
apple,2023-09-18,2,-0.23811374902948046,0.6931471805599453,0
apple,2023-09-25,2,-0.007225139590445906,0.6931471805599453,0
apple,2023-10-09,2,0.5063654142847245,0.6931471805599453,0
apple,2023-10-23,2,0.060693303666994325,0.6931471805599453,0
apple,2023-12-04,1,0.0959441630681539,0.6931471805599453,0
apple,2023-12-25,2,0.21488675497334953,1.5890269151739729,0
apple,2024-01-01,1,0.03422448163837544,0.6931471805599453,0
apple,2024-01-08,2,-0.20877800082371323,0.6931471805599453,0
apple,2024-01-22,5,-0.3082068702572087,1.6807601008122295,0
apple,2024-01-29,4,0.08958947255302974,1.5992324138040366,0
apple,2024-02-12,4,-0.03400892207886841,2.1031802924548817,0
apple,2024-02-19,1,0.10949660499459846,3.912023005428146,0
apple,2024-03-18,4,0.0574382308256105,2.4274757008658656,0
apple,2024-03-25,1,0.015158682496803522,4.948759890378168,0
apple,2024-04-15,1,0.05836242183067952,0.6931471805599453,0
apple,2024-04-22,2,-0.006687213094664912,3.1849504914141136,0
apple,2024-05-06,3,-0.1179790912893471,5.993044650261041,0
apple,2024-05-13,3,0.2936365044442937,3.601784921248187,0
apple,2024-05-27,2,0.011321170983137563,2.2608942885245202,0
apple,2024-06-03,1,-0.1315417025195984,0.6931471805599453,0
apple,2024-06-10,6,-0.04995848988118231,2.1468290642914614,0
apple,2024-06-17,2,-0.13168526569700134,4.955479783687415,0
apple,2024-07-01,2,0.09902667661299347,4.636281857578157,0
apple,2024-07-15,9,0.00723685064819948,1.6843683186070235,0
apple,2024-07-22,13,-0.10061256213100915,1.9389387989932467,0
apple,2024-07-29,13,-0.054204418713576584,2.1860414779619552,0
apple,2024-08-05,9,-0.08211023740567372,1.967212546089041,0
apple,2024-08-12,15,-0.08623340927240027,1.801542819242573,1
apple,2024-08-19,14,0.024798180893161055,1.9652717747849686,0
apple,2024-08-26,8,0.04631771404132223,2.6135646671575907,0
apple,2024-09-02,9,0.11088392937923706,2.243237611648234,0
apple,2024-09-09,37,-0.11206039179705533,1.8842850057494396,1
apple,2024-09-16,28,-0.020812277576598044,2.3809343264874756,1
apple,2024-09-23,19,0.03801001299497162,1.9558854643300914,1
apple,2024-09-30,9,-0.04290877965670998,1.790487732444185,0
apple,2024-10-07,18,0.04050926443176826,2.7133541574990243,1
apple,2024-10-14,16,-0.013262919698803444,3.510914792810895,1
apple,2024-10-21,9,-0.10590571963837508,1.9314835204112393,0
apple,2024-10-28,5,-0.040687164552525704,5.130078789852631,0
apple,2024-11-04,1,0.10584777325857431,0.6931471805599453,0
apple,2024-11-11,6,-0.06190672750547795,4.8503115969883925,0
apple,2024-11-18,1,-0.014140715913981694,2.0794415416798357,0
apple,2024-11-25,3,-0.08350786227265417,3.8335838880128397,0
apple,2024-12-02,2,-0.17170615700820235,3.1172053628591856,0
apple,2024-12-16,2,0.05503207330713167,2.5119402604231382,0
apple,2024-12-30,2,0.1227816526941865,7.877619031185742,0
audi,2023-01-30,2,-0.12102975583783859,5.29901687700489,0
audi,2023-04-24,1,-0.16128932980063837,2.302585092994046,0
audi,2023-09-18,2,-0.27518004449691347,0.6931471805599453,0
audi,2023-12-11,2,-0.11307586859805951,1.7631802623080808,0
audi,2023-12-25,2,0.27568151075300307,0.6931471805599453,0
audi,2024-01-15,1,-0.10771277808748891,0.6931471805599453,0
audi,2024-03-18,2,0.15602299238321393,2.3025850929940455,0
audi,2024-05-13,1,-0.21336977503074195,3.4011973816621555,0
audi,2024-07-15,3,-0.024405148525374898,0.6931471805599453,0
audi,2024-07-22,1,-0.04819158193004114,0.6931471805599453,0
audi,2024-07-29,9,-0.10874035066763416,1.1867750979477583,1
audi,2024-08-05,12,0.02245302564522807,1.3025822128174702,1
audi,2024-08-12,4,-0.07076043998040404,1.5261983081037462,0
audi,2024-08-19,1,0.17181838980363295,0.6931471805599453,0
audi,2024-09-09,4,0.017101714480389774,1.673640514630274,0
audi,2024-09-16,4,-0.006382703356095476,0.6931471805599453,0
audi,2024-09-23,1,-0.05533417666464402,0.6931471805599453,0
audi,2024-10-07,2,-0.2043875464660232,3.50244099485643,0
audi,2024-10-21,3,-0.053279842319568615,1.6566044331920002,0
audi,2024-10-28,1,-0.016945360104728024,9.758750756069444,0
audi,2024-11-04,1,-0.013329389223031285,0.6931471805599453,0
audi,2024-11-11,1,-0.08789874367744233,0.6931471805599453,0
audi,2024-11-25,3,0.059145969082801265,1.110734836725068,0
audi,2024-12-09,1,-0.07716376949559844,5.627621113690637,0
audi,2024-12-16,1,0.13638934173104644,3.8501476017100584,0
audi,2024-12-30,1,-0.1249502043880284,0.6931471805599453,0
bmw,2023-01-30,1,0.23117155289583025,3.295836866004329,0
bmw,2023-02-27,1,-0.04289137746718552,3.4339872044851463,0
bmw,2023-03-06,1,0.15031034065781057,0.0,0
bmw,2023-12-18,1,-0.008654546006368946,3.1780538303479458,0
bmw,2024-01-22,2,-0.053269928953909584,2.612873336856601,0
bmw,2024-02-12,2,0.24562546918741646,1.9356005054539456,0
bmw,2024-03-25,3,-0.023099533600998257,1.1945063128187035,0
bmw,2024-04-15,2,0.6577110258277656,1.8187930798631928,0
bmw,2024-05-20,2,-0.1095106353313895,2.934648456566887,0
bmw,2024-06-10,4,0.0069205001241243735,1.471526007862539,1
bmw,2024-06-17,1,-0.05435266793087834,6.336825731146441,0
bmw,2024-07-15,1,0.16075971017903612,0.6931471805599453,0
bmw,2024-08-05,4,0.018827154655866707,0.6931471805599453,1
bmw,2024-08-26,3,0.07081319104993138,1.9620346771500519,0
bmw,2024-09-02,3,0.13192519454635962,1.3170812395271423,0
bmw,2024-09-09,2,0.09408881471063069,0.6931471805599453,0
bmw,2024-09-16,2,0.05925655933458529,0.6931471805599453,0
bmw,2024-09-23,4,-0.18827369147555828,2.0664125413950822,1
bmw,2024-09-30,2,-0.05957907622308767,0.6931471805599453,0
bmw,2024-10-21,2,-0.07914104027997837,0.6931471805599453,0
bmw,2024-10-28,2,0.05358969143452441,4.970680602482105,0
bmw,2024-11-18,3,0.04228823697359019,0.6931471805599453,0
bmw,2024-12-16,1,0.3887743057712214,5.075173815233827,0
budweiser,2023-04-17,1,-0.09189977835967511,1.791759469228055,0
budweiser,2023-06-26,1,0.5303732410247903,5.420534999272286,0
budweiser,2024-09-09,1,-0.06812112260740832,0.6931471805599453,0
budweiser,2024-10-07,1,-0.061957543251764946,0.6931471805599453,0
burberry,2024-11-25,1,-0.18994766236286154,0.6931471805599453,0
chanel,2024-06-10,2,-0.21680251437692277,3.523758610678648,0
chanel,2024-08-19,2,0.26544120379821834,0.6931471805599453,0
chanel,2024-09-02,2,-0.09379242396789778,2.7058230259275198,0
chanel,2024-12-16,1,-0.02777883547264537,5.6937321388027,0
cisco,2023-08-14,2,-0.12057982724486749,0.6931471805599453,0
cisco,2024-04-01,2,-0.18154146443521313,0.6931471805599453,0
cisco,2024-10-07,1,0.004947822973917937,0.6931471805599453,0
cocacola,2023-07-10,1,-0.03935796825930993,0.6931471805599453,0
cocacola,2023-09-25,2,-0.2167943519700657,0.6931471805599453,0
cocacola,2024-01-15,2,0.07998797390814616,2.238668407239103,0
cocacola,2024-04-15,1,0.05836242183067952,0.6931471805599453,0
cocacola,2024-06-17,2,-0.5560809776734459,1.2424533248940002,0
cocacola,2024-07-01,4,-0.1267752188250597,2.0319987639429864,1
cocacola,2024-07-15,2,-0.19390819942020698,2.4101407828025185,0
cocacola,2024-07-29,2,-0.0034945608990710753,3.1093000598458644,0
cocacola,2024-08-12,2,-0.30330964125460014,1.4451858789480825,0
cocacola,2024-08-19,2,-0.09482093932638236,2.238668407239103,0
cocacola,2024-08-26,3,0.19390032688518963,1.9938047370848269,1
cocacola,2024-09-09,2,-0.08045734401488858,1.629048269010741,0
cocacola,2024-09-16,2,-0.15538142639675812,0.8958797346140275,0
cocacola,2024-10-21,1,-0.16056359830986366,7.984121958702927,0
cocacola,2024-11-04,1,0.022510669599682842,0.6931471805599453,0
cocacola,2024-11-18,1,-0.13152563328128508,0.6931471805599453,0
cocacola,2024-11-25,1,-0.1848085657777574,2.0794415416798357,0
cocacola,2024-12-02,1,-0.16347494214119251,5.497168225293202,0
cocacola,2024-12-23,1,0.048709662369219586,4.330733340286331,0
colgate,2023-06-26,1,0.05942620505300056,5.575949103146316,0
corona,2024-01-08,2,-0.08599215364313295,2.1097538525880535,0
corona,2024-02-12,1,-0.10168890197854807,0.6931471805599453,0
corona,2024-09-16,1,0.10379002054150988,0.6931471805599453,0
corona,2024-09-23,2,-0.11832406159653885,3.9059867148110117,0
corona,2024-10-14,2,0.18119765232609097,1.629048269010741,0
danone,2023-09-04,2,-0.19944278896127798,0.6931471805599453,0
danone,2024-07-01,1,-0.12776964524778123,0.6931471805599453,0
danone,2024-07-22,2,-0.17285711760513323,1.4978661367769956,0
danone,2024-07-29,2,-0.0006207835041038834,0.6931471805599453,0
danone,2024-08-12,4,-0.15459693204684344,1.0691665297540138,1
danone,2024-11-18,1,-0.05990667087576185,3.58351893845611,0
danone,2024-12-02,1,-0.03933581281853549,5.676753802268282,0
dior,2024-10-21,1,-0.020110757260681567,0.6931471805599453,0
disney,2023-02-06,1,-0.041456001407539134,1.6094379124341005,0
disney,2023-02-13,1,-0.042693989256520126,2.9444389791664403,0
disney,2023-03-20,1,0.09059525923453293,2.4849066497880004,0
disney,2023-05-29,1,0.005176794633371173,1.791759469228055,0
disney,2023-06-05,1,-0.044273096704273485,1.3862943611198906,0
disney,2023-06-19,1,-0.03807687992230058,0.6931471805599453,0
disney,2023-07-03,1,0.00608775062028144,4.804021044733257,0
disney,2023-07-17,2,0.07352256588637829,0.6931471805599453,0
disney,2023-08-07,4,0.028593506429785975,0.6931471805599453,0
disney,2023-12-18,2,0.49750072822355307,2.8417898836693407,0
disney,2023-12-25,1,0.0859274017856464,0.6931471805599453,0
disney,2024-01-01,2,0.03184888522082474,0.6931471805599453,0
disney,2024-01-15,1,0.0008930827752919868,0.6931471805599453,0
disney,2024-01-29,1,0.33634963159435394,0.6931471805599453,0
disney,2024-02-05,1,0.2109885455827225,0.6931471805599453,0
disney,2024-04-15,1,-0.2139844094807799,0.6931471805599453,0
disney,2024-04-22,2,0.04987586622729623,1.629048269010741,0
disney,2024-05-20,2,0.027165146535480744,1.8688348091416842,0
disney,2024-06-17,6,-0.13908610662853485,0.9613868326322953,1
disney,2024-06-24,2,0.2040136459789892,2.607467878804493,0
disney,2024-07-15,2,0.27105073206621455,2.3502401828962083,0
disney,2024-07-29,2,-0.11512616349500604,0.6931471805599453,0
disney,2024-08-05,5,0.04035677318302078,1.5484804043631564,1
disney,2024-08-12,6,0.02141125218111976,1.8368529745066666,1
disney,2024-08-19,8,-0.08476330651783748,1.3752624801505298,1
disney,2024-08-26,1,-0.24344084116637532,1.9459101490553132,0
disney,2024-09-02,4,-0.03023415123721307,1.8060062020714576,0
disney,2024-09-09,1,0.001230894373634328,0.6931471805599453,0
disney,2024-09-16,2,0.0735955055911397,3.0634345920570927,0
disney,2024-09-23,2,0.18693299777805805,4.034514664387479,0
disney,2024-09-30,4,-0.03345574951038088,1.545521226679158,0
disney,2024-10-07,3,-0.07455898268525137,2.8899141966255075,0
disney,2024-10-21,1,0.6222768004681711,9.472858470764416,0
disney,2024-11-04,1,-0.01133665484053381,4.543294782270004,0
disney,2024-11-11,1,-0.04790288821948252,3.4011973816621555,0
disney,2024-12-09,1,0.15348172271882277,0.6931471805599453,0
ebay,2024-07-01,2,-0.14263666453621227,0.6931471805599453,0
ebay,2024-08-12,2,-0.21714259340046738,2.1097538525880535,0
ebay,2024-08-26,2,-0.16361374385769523,2.727660557678851,0
ebay,2024-09-30,2,-0.07966145369823607,1.0397207708399179,0
ebay,2024-10-14,2,0.08448728734967403,0.6931471805599453,0
facebook,2023-02-20,1,-0.17413984452286968,3.367295829986474,0
facebook,2023-03-06,1,0.12846360312801153,1.791759469228055,0
facebook,2023-03-13,1,-0.10712160094300316,5.493061443340548,0
facebook,2023-05-01,1,-0.14062879561288355,0.0,0
facebook,2023-05-29,1,-0.01784539449351996,2.995732273553991,0
facebook,2023-07-10,1,-0.05316589067547284,0.6931471805599453,0
facebook,2023-09-11,1,-0.2984133563531941,0.6931471805599453,0
facebook,2023-10-30,2,-0.056289554624669336,0.6931471805599453,0
facebook,2023-12-25,2,-0.05174405171965191,1.8444397270569681,0
facebook,2024-01-08,2,0.009294171817600727,2.063567192522546,0
facebook,2024-01-15,1,-0.12672691246916656,2.70805020110221,0
facebook,2024-02-12,3,-0.09604951957606052,1.2613965446394204,0
facebook,2024-02-26,2,-0.16269994347192096,1.151292546497023,0
facebook,2024-03-04,1,-0.18496957927709445,3.4339872044851463,0
facebook,2024-04-29,2,-0.03922871862005195,2.3502401828962083,0
facebook,2024-05-20,1,0.06025278070137574,2.833213344056216,0
facebook,2024-05-27,3,-0.022334725440506038,0.9241962407465937,0
facebook,2024-06-10,2,-0.2729546117775783,0.6931471805599453,0
facebook,2024-07-01,3,-0.0048663217182346825,1.0593512767826485,0
facebook,2024-07-08,2,-0.004836570415136521,1.9560115027140732,0
facebook,2024-07-22,3,-0.037986170548634846,1.6832853357498456,0
facebook,2024-07-29,4,-0.17853195258248888,1.8138978185634163,0
facebook,2024-08-05,3,-0.11830831610282644,2.3588846051479835,0
facebook,2024-08-19,2,-0.06723676198677708,3.485834302362895,0
facebook,2024-09-02,4,-0.11452998851403606,0.9678002527269727,0
facebook,2024-09-09,3,-0.02801199509268315,1.6566044331920002,0
facebook,2024-09-23,6,-0.2677691129280599,1.144488880743647,1
facebook,2024-09-30,4,-0.052142678483718896,1.141087047866959,0
facebook,2024-10-14,7,-0.1142959698671169,2.0400774065119216,1
facebook,2024-10-21,2,-0.09827203619727243,1.7005986908310777,0
facebook,2024-10-28,1,0.061135861518778256,1.6094379124341005,0
facebook,2024-11-04,2,0.0022528682133611255,4.744061806124359,0
facebook,2024-11-11,1,-0.3307979727497923,0.6931471805599453,0
facebook,2024-11-25,1,-0.04537944988032905,9.706316282491835,0
facebook,2024-12-02,2,-0.03042716133164447,2.1972245773362196,0
facebook,2024-12-23,1,-0.1771795448058242,7.935945103353701,0
facebook,2024-12-30,1,-0.24170779936315512,5.209486152841421,0
fedex,2024-06-24,2,0.19987837789119567,4.013085097473213,0
fedex,2024-07-29,2,-0.11410830465811728,1.4978661367769956,0
ferrari,2023-06-05,1,-0.12298801837982865,2.0794415416798357,0
ferrari,2024-01-29,1,0.12817111697995642,1.0986122886681098,0
ford,2023-01-02,1,-0.0523328822446274,2.4849066497880004,0
ford,2023-03-13,1,0.032939755740244436,9.084323531392696,0
ford,2024-09-23,2,-0.21377282006403675,0.8958797346140275,1
gillette,2024-05-06,2,-0.002564299311245577,2.4101407828025185,0
google,2023-01-02,2,-0.013436815160503102,3.475407384221292,0
google,2023-01-09,1,0.28651929402258247,1.6094379124341005,0
google,2023-02-13,1,-0.07540501689300072,1.791759469228055,0
google,2023-02-20,1,-0.14599817525595427,5.262690188904886,0
google,2023-03-06,1,0.12846360312801153,1.791759469228055,0
google,2023-03-13,1,-0.021247169774142094,1.3862943611198906,0
google,2023-03-20,2,-0.03505574494970887,2.4986061368820573,0
google,2023-03-27,2,-0.04724087394606613,4.294291593751455,0
google,2023-04-24,2,-0.07569632000076609,0.6931471805599453,0
google,2023-05-01,1,-0.08174079916882704,3.9318256327243257,0
google,2023-05-08,1,-0.042239285267214655,3.367295829986474,0
google,2023-05-29,2,-0.061299695610756544,4.32795555536403,0
google,2023-06-26,2,-0.05479797414392351,1.545521226679158,0
google,2023-07-03,4,-0.11635928604977153,1.1796247178237735,0
google,2023-07-10,1,-0.1317944020156574,1.0986122886681098,0
google,2023-07-24,4,0.05270097969770404,0.6931471805599453,0
google,2023-07-31,3,-0.03561468281031921,0.6931471805599453,0
google,2023-08-07,1,0.1124040740937744,0.6931471805599453,0
google,2023-08-14,3,-0.0629588227360595,0.6931471805599453,0
google,2023-08-21,6,-0.08616343719742758,0.6931471805599453,0
google,2023-08-28,9,-0.10837395879459184,0.6931471805599453,0
google,2023-09-11,1,-0.2984133563531941,0.6931471805599453,0
google,2023-09-25,3,0.09461505417478595,0.6931471805599453,0
google,2023-10-02,1,-0.036602829595818065,0.6931471805599453,0
google,2023-10-09,2,-0.032646456422753545,0.6931471805599453,0
google,2023-10-23,1,0.0873713122477433,0.6931471805599453,0
google,2023-10-30,5,-0.2578017945609375,0.6931471805599453,0
google,2023-11-06,2,-0.14522917722842976,0.6931471805599453,0
google,2023-11-13,4,-0.146677934705707,1.0063379226837872,0
google,2023-11-20,2,0.5895696732623037,4.692734729094316,0
google,2023-11-27,2,0.004658314552216325,0.6931471805599453,0
google,2023-12-04,1,-0.20564544329693035,0.6931471805599453,0
google,2023-12-11,2,-0.1793288007775118,4.224028726290688,0
google,2023-12-18,4,-0.0796222232522723,1.141087047866959,0
google,2023-12-25,2,-0.16405700047346272,2.727660557678851,0
google,2024-01-22,2,-0.10429552629852878,0.6931471805599453,0
google,2024-01-29,5,-0.08643186984651834,1.7240943081739482,0
google,2024-02-05,3,-0.1173876624338656,0.6931471805599453,0
google,2024-02-12,2,-0.0904822106103893,1.151292546497023,0
google,2024-02-19,2,-0.17844712186962042,0.6931471805599453,0
google,2024-02-26,5,-0.09990266808154544,1.1772208062900311,0
google,2024-03-11,2,0.12892056808777852,3.0342127941220554,0
google,2024-04-01,4,0.011108064541758722,2.4055462717620966,0
google,2024-04-08,5,-0.03524672020853359,2.045461734320756,0
google,2024-04-15,10,-0.07080438166237286,2.274322755427906,1
google,2024-04-22,1,-0.05819022324430989,0.6931471805599453,0
google,2024-04-29,2,-0.1923604216781314,1.8444397270569681,0
google,2024-05-13,3,0.011905654966653856,1.2296264847046456,0
google,2024-05-20,2,0.13413690763745478,3.036522267050202,0
google,2024-05-27,4,0.0293878414415758,2.1410191943287717,0
google,2024-06-10,1,0.0199757834677996,0.6931471805599453,0
google,2024-06-17,7,0.0049991231647774316,2.6150034066373604,0
google,2024-06-24,7,-0.0470525077443073,2.5032452916301553,0
google,2024-07-01,1,0.06840296641166788,0.6931471805599453,0
google,2024-07-08,2,0.021352237729757917,4.259994639359119,0
google,2024-07-15,9,-0.10424124673536678,1.0142995981039635,0
google,2024-07-22,14,-0.008835872993107128,1.6633506948051282,1
google,2024-07-29,12,-0.08130477422952964,1.5944441108312635,1
google,2024-08-05,11,-0.06890441278604956,1.8319468646675132,1
google,2024-08-12,6,0.01838396635328839,1.5208696864265578,0
google,2024-08-19,4,-0.2883445502102404,3.212402331384196,0
google,2024-08-26,7,-0.11031222557649503,2.5963018536134745,0
google,2024-09-02,12,-0.1137957626198632,1.717666159161767,1
google,2024-09-09,9,-0.025547788399560685,1.8299239715793432,0
google,2024-09-16,12,-0.0736594757610618,1.9447253608679838,1
google,2024-09-23,5,-0.1050294370203801,2.739266109398418,0
google,2024-09-30,8,0.02932632528928636,2.4827805294174246,0
google,2024-10-07,19,0.01877635147105413,1.823255191444038,1
google,2024-10-14,8,-0.03263331977359485,2.4715399293297162,0
google,2024-10-21,3,-0.11383527301751901,1.6917246050779422,0
google,2024-10-28,4,-0.07969155630331315,3.116893750049642,0
google,2024-11-04,1,0.22372207841624459,0.6931471805599453,0
google,2024-11-11,5,-0.04290414149606363,3.033920384808813,0
google,2024-11-18,6,0.027631645436835345,4.548769168684362,0
google,2024-11-25,2,-0.13037528526433562,5.19973173152589,0
google,2024-12-02,2,-0.1282261188661593,1.7328679513998633,0
google,2024-12-09,6,0.0145584737071592,2.8043092573143515,0
google,2024-12-16,5,-0.10438945362226662,3.8722569648620455,0
google,2024-12-23,1,0.0032905145635595545,8.649623978596727,0
gucci,2024-09-02,1,0.1037528624378865,0.6931471805599453,0
hennessy,2024-08-05,1,0.3285915827455028,0.6931471805599453,0
honda,2024-07-15,3,0.03325571596005972,1.2613965446394204,0
honda,2024-07-22,2,-0.02771386731910752,4.5016581012709285,0
honda,2024-07-29,1,-0.17242144534156978,2.3978952727983707,0
honda,2024-08-05,3,-0.10595258677584714,1.4769389329477711,0
honda,2024-08-12,3,0.017635008916859835,2.1740309327233844,0
honda,2024-09-02,1,0.019765609491514624,0.6931471805599453,0
honda,2024-09-09,2,-0.1498443188611418,1.0397207708399179,0
honda,2024-09-16,4,0.02643763472553573,1.4357507969523706,1
honda,2024-12-02,1,0.20476345452607347,0.6931471805599453,0
honda,2024-12-09,3,-0.3718565185804626,4.400340991725346,0
honda,2024-12-23,1,-0.14861738388435697,0.6931471805599453,0
hp,2023-06-05,1,0.23471077989256628,1.791759469228055,0
hp,2023-07-10,2,-0.1518088504074342,0.6931471805599453,0
hp,2023-07-17,1,-0.08452061667605903,0.6931471805599453,0
hp,2024-03-04,2,0.08399030291798226,2.555993894178272,0
hp,2024-05-13,1,-0.1311078967376318,0.6931471805599453,0
hp,2024-06-10,2,0.29261268871687207,1.629048269010741,0
hp,2024-07-29,1,-0.057004108199716796,0.6931471805599453,0
hp,2024-10-07,2,0.13613521897246983,0.6931471805599453,0
huawei,2023-02-13,1,-0.16350610218387374,3.970291913552122,0
huawei,2024-09-16,1,-0.10042727950312269,0.6931471805599453,0
huawei,2024-11-11,1,-0.023042084871121915,5.8522024797744745,0
hyundai,2024-09-16,1,-0.05575019751563559,0.6931471805599453,0
hyundai,2024-10-21,2,-0.057340541719895555,0.6931471805599453,1
ibm,2023-04-10,1,0.06325351955092628,2.6390573296152584,0
ibm,2023-09-04,2,-0.03390009764007118,0.6931471805599453,0
ibm,2024-05-27,2,0.5364892593352124,5.004554017199907,0
ikea,2023-08-21,1,-0.3247961020464345,0.6931471805599453,0
ikea,2023-08-28,1,-0.3247961020464345,0.6931471805599453,0
ikea,2024-06-10,2,-0.04122504434053553,1.629048269010741,0
ikea,2024-08-26,2,-0.16674871144277859,1.9756218592907138,0
ikea,2024-09-16,1,0.5786375366151333,0.6931471805599453,0
ikea,2024-12-23,1,-0.07748357812010909,2.772588722239781,0
instagram,2023-01-23,1,0.184959797290162,1.6094379124341005,0
instagram,2023-01-30,1,0.06444284740973671,3.1780538303479458,0
instagram,2023-03-06,1,0.12846360312801153,1.791759469228055,0
instagram,2023-03-20,1,0.12401625137454175,3.1780538303479458,0
instagram,2023-05-08,1,-0.13432545685100195,3.5553480614894135,0
instagram,2023-06-05,1,0.27020003123652714,2.302585092994046,0
instagram,2023-08-07,3,-0.25871096051923814,1.3647815207407001,0
instagram,2023-10-23,1,-0.10612126105115749,0.6931471805599453,0
instagram,2023-11-13,3,-0.09845248841783416,3.1407402436705603,0
instagram,2023-12-25,1,-0.022004515998332863,0.6931471805599453,0
instagram,2024-01-15,2,-0.10211021775853624,1.3862943611198906,0
instagram,2024-02-12,3,-0.055878062027953014,1.2613965446394204,0
instagram,2024-02-26,2,-0.16269994347192096,1.151292546497023,0
instagram,2024-03-04,1,-0.18496957927709445,3.4339872044851463,0
instagram,2024-03-11,2,-0.07634515073345938,4.252964999568763,0
instagram,2024-03-18,2,-0.065785673067694,1.545521226679158,0
instagram,2024-03-25,1,-0.06212413246612414,0.6931471805599453,0
instagram,2024-04-01,1,-0.023788809178249437,0.6931471805599453,0
instagram,2024-04-08,1,-0.1181283360824068,2.70805020110221,0
instagram,2024-04-22,1,-0.019383238182456353,0.6931471805599453,0
instagram,2024-05-06,2,-0.7524379558963119,1.7005986908310777,0
instagram,2024-05-13,1,-0.2953949512850613,2.4849066497880004,0
instagram,2024-05-20,2,-0.0755329455678293,4.021831676196972,0
instagram,2024-05-27,2,-0.07671161012072503,1.0397207708399179,0
instagram,2024-06-10,1,-0.3233690902065405,0.6931471805599453,0
instagram,2024-06-17,2,-0.03148967625020305,1.666102255087602,0
instagram,2024-07-01,2,0.022371354540155153,1.0397207708399179,0
instagram,2024-07-08,1,-0.10609268380903814,0.6931471805599453,0
instagram,2024-07-15,4,0.09822506856397695,1.2687934538084567,0
instagram,2024-07-22,9,-0.025603068795915205,2.483908103988056,1
instagram,2024-07-29,2,0.12040779733706586,2.282174095733918,0
instagram,2024-08-05,1,0.08231848046852974,0.6931471805599453,0
instagram,2024-08-12,3,0.010269538940431033,1.155245300933242,0
instagram,2024-08-19,4,0.05803625331120088,1.7167333211154705,0
instagram,2024-09-02,10,0.0646939799452051,1.7181350984537231,1
instagram,2024-09-09,1,-0.36315937153995037,0.6931471805599453,0
instagram,2024-09-16,2,0.06995961319766408,2.433767225227791,0
instagram,2024-09-23,4,-0.049020368344287135,1.4292569253515555,0
instagram,2024-10-07,3,-0.031510474806718015,2.5309567626149394,0
instagram,2024-10-14,8,0.023567551283889543,0.9678002527269727,1
instagram,2024-10-28,5,-0.01687496072613328,1.1982929094215966,1
instagram,2024-11-04,1,0.04070998436238682,0.6931471805599453,0
instagram,2024-11-11,1,-0.16246757739878603,2.70805020110221,0
instagram,2024-11-18,3,0.10964356507402329,0.6931471805599453,0
instagram,2024-11-25,2,-0.18360096367443024,1.0397207708399179,0
instagram,2024-12-02,2,0.1337012656697425,1.0397207708399179,0
instagram,2024-12-09,1,0.03275583114736946,0.6931471805599453,0
instagram,2024-12-16,3,0.026246838201400873,1.3647815207407001,0
instagram,2024-12-23,1,-0.3486810939419911,0.6931471805599453,0
intel,2023-07-17,1,-0.19695704481716803,0.6931471805599453,0
intel,2024-07-29,2,-0.026163183521930478,2.0302215052732095,1
intel,2024-11-04,1,-0.07998497312843256,0.6931471805599453,0
intel,2024-12-02,1,0.29313440769209365,0.6931471805599453,0
intel,2024-12-23,1,0.07701883338154403,3.5553480614894135,0
jackdaniels,2024-10-14,2,0.027148057755766786,0.8958797346140275,0
kelloggs,2024-02-26,1,-0.05640409167699545,2.8903717578961645,0
kelloggs,2024-10-28,1,0.11229382148121658,0.6931471805599453,0
kfc,2023-05-15,1,0.01921717225923203,4.663439094112067,0
kfc,2023-12-18,1,0.13471065893099876,9.038008749211576,0
kfc,2024-02-19,2,0.07806910566279512,4.590043664402581,0
kfc,2024-02-26,2,-0.2023529739747687,2.3025850929940455,0
kfc,2024-04-22,1,0.09032031885573488,0.6931471805599453,0
kfc,2024-05-13,2,0.11239683120402333,1.3195286648076292,0
kfc,2024-07-01,3,-0.3177583048670651,1.1945063128187035,0
kfc,2024-07-08,2,-0.05520061560309841,3.5491878192953936,0
kfc,2024-07-29,6,-0.06752385177760563,2.424996681307688,1
kfc,2024-08-05,2,-0.22575607061662595,0.6931471805599453,0
kfc,2024-08-19,2,-0.27487326999835204,3.5788677421249533,0
kfc,2024-08-26,1,0.09904585770556551,3.7612001156935624,0
kfc,2024-09-23,2,-0.010887984146236818,1.0397207708399179,0
kfc,2024-09-30,1,-0.14732489674699423,0.6931471805599453,0
kfc,2024-10-14,2,0.09113402423099615,1.9560115027140732,0
kfc,2024-11-04,3,-0.069496391769853,5.952661898318346,0
kfc,2024-11-25,1,-0.27615102921481594,6.135564891081739,0
kfc,2024-12-02,1,-0.12657744389167647,7.374629015218945,0
kfc,2024-12-09,1,0.02651405326315981,6.993932975223189,0
kia,2024-04-15,1,0.059358089332818054,0.6931471805599453,0
kia,2024-08-26,1,0.18828837494220352,0.6931471805599453,0
kia,2024-09-02,2,0.0021653172036337764,1.791759469228055,1
kia,2024-12-09,1,-0.07695580676965363,5.480638923341991,0
kia,2024-12-16,1,-0.01786758848413683,4.912654885736052,0
lego,2023-06-05,1,-0.17076590619490162,6.612041034833092,0
lego,2023-08-21,2,-0.12301505970583548,0.6931471805599453,0
lego,2023-10-02,1,-0.02799374057121895,0.6931471805599453,0
lego,2023-12-25,2,0.007099488488336192,3.1345481418531307,0
lego,2024-02-19,1,-0.07023730145829177,0.6931471805599453,0
lego,2024-04-08,4,0.03645216824541819,2.8203870271822287,1
lego,2024-04-15,2,-0.008917890629390968,3.643095857351191,0
lego,2024-05-13,2,-0.11989050123924017,1.4451858789480825,0
lego,2024-06-03,2,0.1974961388441443,1.5890269151739729,0
lego,2024-06-10,2,-0.044077469650801504,0.6931471805599453,0
lego,2024-07-15,2,0.1409264384292328,1.3195286648076292,0
lego,2024-08-05,1,-0.13844482373679057,0.6931471805599453,0
lego,2024-08-12,2,-0.02072351032984443,1.8187930798631928,0
lego,2024-08-26,2,0.016647854774838322,2.3317195470560335,0
lego,2024-09-30,4,0.11219071395636604,1.1610977247853431,1
lego,2024-10-14,1,-0.14006862230843353,0.6931471805599453,0
lego,2024-10-21,1,-0.04212528492786305,1.9459101490553132,0
lego,2024-11-04,1,-0.09851859671144325,8.480529207044645,0
lego,2024-12-02,1,0.013299306799908095,0.6931471805599453,0
linkedin,2023-11-13,2,-0.16228802356636152,2.827995905409926,0
linkedin,2024-03-11,2,0.04540755204769198,2.678293137336006,0
linkedin,2024-05-27,1,-0.29671172912577504,0.6931471805599453,0
linkedin,2024-06-10,1,-0.3233690902065405,0.6931471805599453,0
linkedin,2024-06-17,2,0.11325380265952845,1.3195286648076292,0
linkedin,2024-09-02,3,0.36802582160692054,1.110734836725068,1
linkedin,2024-10-21,1,-0.07952985815063585,3.4011973816621555,0
lorealparis,2023-06-26,1,0.05942620505300056,5.575949103146316,0
mcdonalds,2023-01-30,1,-0.10643678961525893,2.302585092994046,0
mcdonalds,2023-03-13,1,0.009719119563044387,7.716906135298388,0
mcdonalds,2023-05-01,1,-0.23798002803053464,0.0,0
mcdonalds,2023-05-29,1,-0.18333387989078176,4.976733742420574,0
mcdonalds,2023-07-10,1,-0.04259328930123729,0.6931471805599453,0
mcdonalds,2023-11-27,2,-0.17206704725936106,1.9944920232821373,0
mcdonalds,2023-12-11,1,0.08074510650544653,0.6931471805599453,0
mcdonalds,2024-01-22,1,0.2476463699301803,0.6931471805599453,0
mcdonalds,2024-01-29,2,-0.07627585667523817,1.2424533248940002,0
mcdonalds,2024-03-04,2,-0.3338605824961647,1.8688348091416842,0
mcdonalds,2024-04-08,4,-0.050631963452378415,3.647172957694007,0
mcdonalds,2024-05-27,2,-0.23123150793762193,1.7328679513998633,0
mcdonalds,2024-07-22,4,-0.029038457593660638,3.2527663172699377,0
mcdonalds,2024-07-29,2,-0.056477024401374365,0.8958797346140275,0
mcdonalds,2024-08-05,3,0.07363136645775133,1.4435777800954437,0
mcdonalds,2024-08-12,4,0.015620378640278432,2.8732521077824673,0
mcdonalds,2024-08-19,4,-0.18608490625391028,0.6931471805599453,0
mcdonalds,2024-08-26,4,0.03087647647388536,1.4876606381469317,0
mcdonalds,2024-09-16,6,0.434169986731528,3.222120088893297,1
mcdonalds,2024-09-23,1,0.18589590792544186,0.6931471805599453,0
mcdonalds,2024-10-07,5,-0.18977156636672704,1.6295734259847894,1
mcdonalds,2024-10-14,2,-0.04234071312251331,2.5737472384067264,0
mcdonalds,2024-10-21,1,0.062322721985765384,1.0986122886681098,0
mcdonalds,2024-11-04,2,-0.10161333312669285,2.456327442868026,0
mcdonalds,2024-11-11,1,-0.1532136305104359,2.0794415416798357,0
mcdonalds,2024-11-18,1,-0.15589073954225796,1.0986122886681098,0
mcdonalds,2024-11-25,1,-0.1924323900420859,0.6931471805599453,0
mcdonalds,2024-12-02,1,-0.21901669897246734,0.6931471805599453,0
mcdonalds,2024-12-09,11,-0.1574567202769944,5.047621563797697,1
mercedesbenz,2023-03-06,1,-0.07050274590437766,1.791759469228055,0
mercedesbenz,2023-04-10,1,-0.1613097494563931,0.0,0
mercedesbenz,2023-04-17,1,-0.2168074117021206,2.772588722239781,0
mercedesbenz,2023-09-25,1,-0.09031090407870579,0.6931471805599453,0
mercedesbenz,2023-10-02,2,0.09763191130372206,0.6931471805599453,0
mercedesbenz,2023-10-23,1,-0.14834633055602353,0.6931471805599453,0
mercedesbenz,2024-01-15,2,0.12479201538695861,2.282174095733918,0
mercedesbenz,2024-01-22,2,-0.05061230907449499,2.1910133173369406,0
mercedesbenz,2024-01-29,1,0.12817111697995642,1.0986122886681098,0
mercedesbenz,2024-04-15,2,-0.12480102181052644,2.368099224197248,0
mercedesbenz,2024-04-22,2,-0.049688690196489915,2.8810256913900885,0
mercedesbenz,2024-05-06,2,-0.05583601523539983,2.3124864066421353,0
mercedesbenz,2024-06-10,4,-0.03076551193476007,3.18047742277977,1
mercedesbenz,2024-07-15,2,0.12781189371798973,3.4034146801960885,0
mercedesbenz,2024-07-22,2,-0.026270454373161556,0.6931471805599453,0
mercedesbenz,2024-08-05,1,-0.017922288894595795,0.6931471805599453,0
mercedesbenz,2024-08-12,2,0.0024650481350363407,0.6931471805599453,0
mercedesbenz,2024-08-26,6,0.04807299415167184,2.2803191938819443,1
mercedesbenz,2024-09-02,1,-0.029776649905670638,1.791759469228055,0
mercedesbenz,2024-09-16,1,-0.21427382083504654,0.6931471805599453,0
mercedesbenz,2024-11-04,1,-0.07770599045215931,0.6931471805599453,0
mercedesbenz,2024-11-25,1,-0.11895644845799325,3.688879454113936,0
microsoft,2023-01-02,1,-0.20553065643753143,4.143134726391533,0
microsoft,2023-01-09,1,-0.02740975735025586,4.663439094112067,0
microsoft,2023-01-16,1,0.3994052873313194,2.9444389791664403,0
microsoft,2023-01-23,1,0.10286678394425053,8.129174996911793,0
microsoft,2023-02-06,1,-0.07597116572469531,5.308267697401205,0
microsoft,2023-02-27,1,-0.5468633312459588,5.602118820879701,0
microsoft,2023-03-13,1,0.0969364724605839,2.1972245773362196,0
microsoft,2023-03-20,1,-0.1820519474531892,2.1972245773362196,0
microsoft,2023-04-03,1,-0.12174515264911179,2.3978952727983707,0
microsoft,2023-04-10,1,-0.14152663287906364,1.0986122886681098,0
microsoft,2023-04-24,2,-0.09881227073014998,2.827995905409926,0
microsoft,2023-05-08,1,-0.16169778546191083,1.9459101490553132,0
microsoft,2023-05-15,1,0.11074541346351907,3.713572066704308,0
microsoft,2023-05-29,1,-0.09092939603212358,1.791759469228055,0
microsoft,2023-06-19,5,-0.08177819468473899,2.6519779558683467,0
microsoft,2023-06-26,2,-0.08675442431650993,3.052396616207493,0
microsoft,2023-07-03,2,-0.014686749165880641,2.8518912373281005,0
microsoft,2023-07-10,1,-0.0255490403596923,0.6931471805599453,0
microsoft,2023-08-14,3,-0.0629588227360595,0.6931471805599453,0
microsoft,2023-08-21,2,-0.06728687266900124,0.6931471805599453,0
microsoft,2023-08-28,2,0.06318423757812752,0.6931471805599453,0
microsoft,2023-09-04,2,-0.03390009764007118,0.6931471805599453,0
microsoft,2023-09-18,1,-0.3160418414659034,0.6931471805599453,0
microsoft,2023-10-02,1,-0.21089191297289744,0.6931471805599453,0
microsoft,2023-10-30,2,-0.045426234881958294,0.6931471805599453,0
microsoft,2023-11-06,1,-0.1172925393038895,0.6931471805599453,0
microsoft,2023-11-13,1,-0.14608271017323204,0.6931471805599453,0
microsoft,2023-11-20,1,0.08590446521398576,2.1972245773362196,0
microsoft,2023-11-27,2,-0.15419283125356742,1.4451858789480825,0
microsoft,2023-12-04,1,0.1897684461057345,0.6931471805599453,0
microsoft,2023-12-25,1,0.10723254707409069,2.70805020110221,0
microsoft,2024-01-01,2,-0.21316836073060585,0.6931471805599453,0
microsoft,2024-01-15,1,0.07428785657817372,0.6931471805599453,0
microsoft,2024-01-22,3,0.006652333730623165,2.293118601486813,0
microsoft,2024-02-05,2,0.436348027484601,1.4978661367769956,0
microsoft,2024-02-19,4,-0.37505510892333405,1.3245793416370093,0
microsoft,2024-03-25,1,0.015158682496803522,4.948759890378168,0
microsoft,2024-04-01,2,0.05422475967043283,1.8187930798631928,0
microsoft,2024-04-15,2,0.11311975527314644,1.0397207708399179,0
microsoft,2024-04-22,2,-0.18662268994376063,1.7328679513998633,0
microsoft,2024-04-29,2,0.458961829988084,2.368099224197248,0
microsoft,2024-05-06,4,0.04570801216060971,1.3939872757865792,0
microsoft,2024-05-13,3,0.14109168531091618,1.4435777800954437,0
microsoft,2024-05-20,1,-0.08472841166954481,1.3862943611198906,0
microsoft,2024-06-03,2,-0.3228640940948253,2.0126758453675744,0
microsoft,2024-06-10,2,0.2786302994607013,2.1910133173369406,0
microsoft,2024-06-17,8,-0.12107852652553674,1.2224104936346027,0
microsoft,2024-06-24,2,-0.19692841877076717,2.063567192522546,0
microsoft,2024-07-08,2,0.1295904486564723,0.6931471805599453,0
microsoft,2024-07-15,29,-0.04921006273670808,1.6087370588515915,1
microsoft,2024-07-22,19,-0.03893332297754545,1.8675862680443363,1
microsoft,2024-07-29,10,-0.03022597470670263,1.7719101311673817,1
microsoft,2024-08-05,10,-0.17895085602991118,1.592923757761066,1
microsoft,2024-08-12,11,-0.08159844591395814,1.2441357258763226,1
microsoft,2024-08-19,4,0.18008399300913513,1.4259456186640502,0
microsoft,2024-08-26,7,-0.23576862943770852,2.276510261958728,0
microsoft,2024-09-02,8,-0.1402034585648262,3.0461594814943984,0
microsoft,2024-09-09,6,-0.04298216526055872,0.7607246985779726,0
microsoft,2024-09-16,4,-0.021422599026974964,1.4742884669091851,0
microsoft,2024-09-23,2,0.1485992365886588,1.0397207708399179,0
microsoft,2024-09-30,4,-0.07953693134309958,1.609037592092357,0
microsoft,2024-10-07,10,-0.14297773492021407,2.0345551637630654,1
microsoft,2024-10-14,2,-0.2163115830075526,2.4708212113046524,0
microsoft,2024-10-21,3,-0.029651059962816362,7.224369967945289,0
microsoft,2024-10-28,4,-0.13868044569056792,2.3104597597588885,0
microsoft,2024-11-04,2,0.24552085388102185,6.028156571843297,0
microsoft,2024-11-11,5,-0.14186484234837735,4.909600794688792,0
microsoft,2024-11-18,1,0.1279469720251427,4.919980925828125,0
microsoft,2024-11-25,3,0.06306401374407263,6.634119578908128,0
microsoft,2024-12-02,2,0.050476277853078955,0.6931471805599453,0
microsoft,2024-12-23,4,-0.13330281373200492,4.928427705747801,0
nescafe,2024-04-22,2,0.019907158357796106,5.163003207605061,0
nestle,2024-01-01,2,-0.2291824799978599,0.6931471805599453,0
nestle,2024-04-29,2,-0.1958121909538022,1.5890269151739729,0
nestle,2024-06-10,2,-0.12486613488454168,2.0302215052732095,0
nestle,2024-08-19,7,-0.14056209642747572,1.7308657724027352,1
nestle,2024-10-21,2,0.06288773465712438,2.063567192522546,0
nestle,2024-11-11,1,-0.02752995473818487,0.6931471805599453,0
nestle,2024-12-02,1,-0.03933581281853549,5.676753802268282,0
netflix,2023-01-23,1,-0.023537572066970824,3.218875824868201,0
netflix,2023-02-27,1,-0.1111995067776661,3.5263605246161616,0
netflix,2023-04-03,1,0.07564460816928431,1.0986122886681098,0
netflix,2023-04-10,1,0.031624249800643156,3.912023005428146,0
netflix,2023-04-17,3,-0.10385450665064866,4.18489505845962,0
netflix,2023-05-15,1,0.02611988425724121,2.6390573296152584,0
netflix,2023-05-29,1,-0.22004001653886007,4.543294782270004,0
netflix,2023-06-19,1,-0.07539625859362786,0.6931471805599453,0
netflix,2023-06-26,1,-0.47128163568413584,3.091042453358316,0
netflix,2023-07-10,1,-0.10066603208088054,0.6931471805599453,0
netflix,2023-07-17,2,0.09915771172381938,0.6931471805599453,0
netflix,2023-08-21,2,-0.19910775230323452,2.5312975165134834,0
netflix,2023-09-18,1,0.06277052745144829,0.6931471805599453,0
netflix,2023-09-25,2,0.11547399512301126,0.6931471805599453,0
netflix,2024-01-01,1,-0.0412414421862195,0.6931471805599453,0
netflix,2024-02-12,1,-0.1552554592008164,0.6931471805599453,0
netflix,2024-03-25,3,-0.0594525939787142,2.73561880946655,0
netflix,2024-04-01,2,-0.006861888833782359,1.791759469228055,0
netflix,2024-04-15,4,0.33341654926744013,2.7216722474232276,0
netflix,2024-04-22,2,-0.20725605502389044,3.2132442287288456,0
netflix,2024-05-13,1,0.006581012253889185,3.737669618283368,0
netflix,2024-05-20,3,-0.1908793719249123,1.5607104090414066,0
netflix,2024-06-03,3,-0.0528507597209682,2.339168714313752,0
netflix,2024-06-10,1,-0.04675540826974611,7.074116816197362,0
netflix,2024-06-17,6,-0.08760809320726064,2.0206150894873676,1
netflix,2024-06-24,2,0.2739357062509953,1.4978661367769956,0
netflix,2024-07-08,2,0.016881624423717767,2.3502401828962083,0
netflix,2024-07-15,3,0.013352533990655502,2.228203909222642,0
netflix,2024-07-22,6,-0.07868565248971511,1.2296264847046456,1
netflix,2024-08-05,2,0.07249425002737553,4.319351304406717,0
netflix,2024-08-19,3,-0.16747326138123952,0.6931471805599453,0
netflix,2024-08-26,1,0.19428194139618427,4.74493212836325,0
netflix,2024-09-02,6,0.11660327793395453,2.562521295902403,1
netflix,2024-09-16,2,0.29804385629199714,1.4978661367769956,0
netflix,2024-09-23,6,-0.06544024268411401,2.1344845248802584,1
netflix,2024-09-30,5,0.03485683015695997,1.702154524722663,0
netflix,2024-10-07,2,-0.09879173158037702,1.151292546497023,0
netflix,2024-10-21,2,0.0046017020177373524,0.6931471805599453,0
netflix,2024-10-28,2,-0.06603333799520783,3.978588661729737,0
netflix,2024-11-04,1,-0.038620075858489145,7.036148493750536,0
netflix,2024-11-11,5,-0.010592065416035723,3.4725111347546536,0
netflix,2024-12-16,2,-0.05551804351247824,4.918246341855925,0
netflix,2024-12-30,1,0.09333842666819692,2.302585092994046,0
nike,2023-01-02,1,0.0020915395507472567,3.610917912644224,0
nike,2023-07-03,1,0.2288325598069605,1.0986122886681098,0
nike,2023-08-28,1,-0.11803703916802988,0.6931471805599453,0
nike,2023-11-06,4,0.5099870764242951,3.183291310440009,0
nike,2024-05-06,2,0.06785026297802688,1.151292546497023,0
nike,2024-06-10,2,0.13138593394683085,1.545521226679158,0
nike,2024-06-17,2,0.12506241747200875,2.4020105223666284,0
nike,2024-07-01,2,0.016280989582810435,1.4451858789480825,0
nike,2024-07-22,5,0.05989314779721724,2.2693458388195538,1
nike,2024-08-05,3,-0.06518274177991164,4.139468658797367,0
nike,2024-09-02,2,0.0698624237174954,5.380459801201939,0
nike,2024-09-09,4,0.10493383565244585,3.044418292752119,0
nike,2024-09-23,3,0.0325693891843836,1.0593512767826485,0
nike,2024-11-11,2,0.12726919046326657,3.5516610312630563,0
nintendo,2023-01-02,1,0.08735533193873302,2.3978952727983707,0
nintendo,2023-01-09,1,-0.03398373207974714,3.091042453358316,0
nintendo,2023-01-23,4,0.0401751690730805,3.3660623759674055,0
nintendo,2023-01-30,1,0.23117155289583025,3.295836866004329,0
nintendo,2023-02-06,2,-0.04240589083393331,2.4101407828025185,0
nintendo,2023-04-10,1,0.49143242147601995,8.502891406705377,0
nintendo,2023-04-17,3,-0.19807990105696524,2.899838249403397,0
nintendo,2023-05-01,4,0.12259467076162878,1.7039099975185827,0
nintendo,2023-05-15,2,-0.18551853232236226,6.073564554948112,0
nintendo,2023-05-29,1,0.005176794633371173,1.791759469228055,0
nintendo,2023-06-19,1,0.16987484400939934,0.6931471805599453,0
nintendo,2023-07-24,1,0.0831287382170558,0.6931471805599453,0
nintendo,2023-08-21,2,0.04204433085396886,0.6931471805599453,0
nintendo,2023-09-04,3,0.19700098087472875,0.6931471805599453,0
nintendo,2023-09-11,2,0.11465858235525417,0.6931471805599453,0
nintendo,2023-09-25,4,0.00960363414302634,0.6931471805599453,0
nintendo,2023-10-02,2,0.1742479917320452,0.6931471805599453,0
nintendo,2023-10-09,2,0.4270149445073912,0.6931471805599453,0
nintendo,2023-10-16,1,0.23931651186592262,0.6931471805599453,0
nintendo,2023-10-30,2,0.10791708924807608,0.6931471805599453,0
nintendo,2023-11-27,2,-0.40180636201907305,2.393745871391023,0
nintendo,2024-01-29,2,0.15019438661738604,2.0126758453675744,0
nintendo,2024-02-26,2,0.061578903312693,0.6931471805599453,0
nintendo,2024-03-04,3,-0.015287311456001854,0.6931471805599453,0
nintendo,2024-03-18,1,-0.33935125202145855,0.6931471805599453,0
nintendo,2024-04-08,2,0.021600749666248475,2.0302215052732095,0
nintendo,2024-05-06,1,0.280449030525034,0.6931471805599453,0
nintendo,2024-05-13,1,-0.1250683381648514,5.707110264748875,0
nintendo,2024-05-20,2,-0.22419495845679194,1.629048269010741,0
nintendo,2024-06-10,2,-0.131806381046772,2.4414009612931853,0
nintendo,2024-06-17,2,0.28649133746512234,0.8958797346140275,0
nintendo,2024-06-24,2,0.09564326066197282,2.1097538525880535,0
nintendo,2024-07-08,2,0.04476392250126082,1.7005986908310777,0
nintendo,2024-07-15,1,0.8388640061966726,0.6931471805599453,0
nintendo,2024-07-22,10,0.11971245528646932,1.066914142388282,1
nintendo,2024-07-29,4,0.051249261749405584,1.0691665297540138,0
nintendo,2024-08-05,2,0.16979117856499215,2.063567192522546,0
nintendo,2024-08-12,8,0.0328191618311271,1.3290967224639934,1
nintendo,2024-08-19,4,-0.03630406053470381,2.8195538193211385,0
nintendo,2024-09-02,2,-0.2384177416388411,1.545521226679158,0
nintendo,2024-09-16,2,-0.013677518991244142,1.3862943611198906,0
nintendo,2024-09-23,4,0.060873450177574284,1.0063379226837872,0
nintendo,2024-09-30,2,-0.202330151321803,2.4489198999754556,0
nintendo,2024-10-14,1,-0.17423507373132452,0.6931471805599453,0
nintendo,2024-10-21,3,0.05762021849538238,1.1552453009332422,0
nintendo,2024-10-28,1,-0.04597857128828764,0.6931471805599453,0
nintendo,2024-11-04,1,0.20697445754589694,0.6931471805599453,0
nintendo,2024-11-11,1,-0.04291862425270665,0.6931471805599453,0
nintendo,2024-11-18,1,0.15417662614291316,9.26321741157695,0
nintendo,2024-12-09,11,0.06441491023508274,3.907215149949916,1
nintendo,2024-12-23,3,0.1521325075541616,2.4670770881376716,0
nissan,2023-08-07,3,-0.25871096051923814,1.3647815207407001,1
nissan,2024-04-15,1,0.5134933620538504,4.6443908991413725,0
nissan,2024-09-02,1,-0.1743054197612821,0.6931471805599453,0
nissan,2024-11-04,1,-0.05438727903828067,2.1972245773362196,0
nissan,2024-11-18,1,0.006828122943716153,0.6931471805599453,0
oracle,2023-06-26,3,-0.10140933914882073,3.071178420957567,0
oracle,2024-07-08,2,-0.08833529989260569,1.545521226679158,0
oracle,2024-07-15,4,-0.19472693678358155,1.3143738430069454,1
oracle,2024-08-12,1,-0.15968804189105867,0.6931471805599453,0
oracle,2024-09-16,2,-0.042144611529010945,0.8958797346140275,0
oracle,2024-10-07,3,-0.07205050620047852,1.972964618091049,0
oracle,2024-12-09,1,-0.17638299435446925,0.6931471805599453,0
oracle,2024-12-16,1,-0.18918267659512367,2.3978952727983707,0
pampers,2023-06-26,1,0.05942620505300056,5.575949103146316,0
panasonic,2024-11-04,1,-0.04584196779219951,0.6931471805599453,0
panasonic,2024-12-23,1,-0.14861738388435697,0.6931471805599453,0
paypal,2023-07-24,4,0.09756946250763576,0.6931471805599453,0
paypal,2024-07-29,2,0.15007071358076018,1.151292546497023,0
paypal,2024-08-19,4,-0.043214956754418665,4.730793590188103,0
paypal,2024-09-16,2,-0.11727973210145137,1.9756218592907138,0
paypal,2024-11-11,1,-0.08846864801517995,0.6931471805599453,0
pepsi,2023-05-29,1,-0.09092939603212358,1.791759469228055,0
pepsi,2024-01-15,2,0.07998797390814616,2.238668407239103,0
pepsi,2024-04-15,1,0.05836242183067952,0.6931471805599453,0
pepsi,2024-04-29,2,-0.14304421633664788,0.6931471805599453,0
pepsi,2024-07-15,1,-0.025114911361015402,0.6931471805599453,0
pepsi,2024-08-05,2,0.008158795581039158,1.666102255087602,0
pepsi,2024-12-23,1,0.048709662369219586,4.330733340286331,0
porsche,2023-07-10,1,0.2383724962676439,0.6931471805599453,0
porsche,2024-04-01,1,0.11494179625788092,2.772588722239781,0
porsche,2024-04-08,1,0.11494179625788092,0.6931471805599453,0
redbull,2024-01-15,1,-0.13556742454935033,0.6931471805599453,0
redbull,2024-08-26,2,0.04368904238117466,2.5119402604231382,0
redbull,2024-09-02,2,0.10310953860653171,1.8444397270569681,0
redbull,2024-09-23,2,0.120309846881554,5.463382738156315,0
samsung,2023-07-03,1,0.23499467446526978,1.0986122886681098,0
samsung,2023-08-21,4,-0.15764365579173045,0.6931471805599453,1
samsung,2024-01-01,2,0.10927462987410763,0.6931471805599453,0
samsung,2024-01-22,2,-0.6071951581325266,1.791759469228055,0
samsung,2024-04-01,1,-0.16173916656771326,0.6931471805599453,0
samsung,2024-07-29,2,-0.11850495715367515,0.6931471805599453,0
samsung,2024-08-19,1,-0.012707701903650559,0.6931471805599453,0
samsung,2024-09-16,1,-0.09543261526664537,0.6931471805599453,0
samsung,2024-09-23,1,-0.10208313656039536,0.6931471805599453,0
samsung,2024-09-30,3,-0.01051780138838391,2.631687832697191,1
samsung,2024-10-07,2,0.0010085798642194277,0.6931471805599453,0
samsung,2024-11-18,1,0.23687199155301641,0.6931471805599453,0
samsung,2024-11-25,1,-0.11318855981016895,0.6931471805599453,0
samsung,2024-12-23,1,-0.1851860680308164,0.6931471805599453,0
sap,2023-06-26,1,0.04389198082532175,3.6375861597263857,0
sap,2024-08-05,1,-0.017922288894595795,0.6931471805599453,0
sephora,2024-10-07,1,0.0982842746424808,2.6390573296152584,0
sony,2023-03-06,1,-0.17917089873390069,4.955827057601261,0
sony,2023-04-03,1,-0.06684234618040819,2.1972245773362196,0
sony,2023-04-17,1,0.20161138632101938,1.6094379124341005,0
sony,2023-08-28,2,0.06318423757812752,0.6931471805599453,0
sony,2023-09-25,2,-0.07303849683376029,0.6931471805599453,0
sony,2023-10-09,2,-0.311464711514418,0.6931471805599453,0
sony,2024-02-05,2,0.0804613640793832,3.2017870989674075,0
sony,2024-02-12,2,-0.1260414064163342,2.3317195470560335,0
sony,2024-04-15,4,-0.07751516971206485,1.4978661367769954,0
sony,2024-04-29,3,0.16959968802272365,1.8184403717859006,0
sony,2024-05-06,1,0.1961602623428007,0.6931471805599453,0
sony,2024-05-20,3,-0.13131565335990558,1.6566044331920002,0
sony,2024-06-10,1,0.1069496763375355,6.3835066348840055,0
sony,2024-07-15,4,-0.18375142195085914,2.0220636817806077,0
sony,2024-08-05,1,-0.17755257708768113,0.6931471805599453,0
sony,2024-08-12,2,-0.23922479134535024,2.238668407239103,0
sony,2024-08-26,1,-0.1522755507612601,0.6931471805599453,0
sony,2024-09-02,2,0.059394933516159654,4.319174156486352,0
sony,2024-09-09,14,-0.13807923282319987,1.3704524725213614,1
sony,2024-09-23,5,-0.022293931956184565,1.0823292103710078,1
sony,2024-09-30,5,-0.05207273701671511,2.4972614105693594,1
sony,2024-10-07,1,0.12689217587467283,0.6931471805599453,0
sony,2024-10-21,1,0.06894049548282055,8.76732914779405,0
sony,2024-10-28,1,-0.10363635776593583,6.8966943316227125,0
sony,2024-11-04,1,-0.005032843141293597,2.772588722239781,0
sony,2024-11-18,1,-0.08113849521942029,3.091042453358316,0
sony,2024-12-02,1,-0.05522816745400405,4.812184355372417,0
sony,2024-12-09,1,-0.06792800291441381,8.428143374582726,0
sony,2024-12-16,1,-0.003859933050677,1.791759469228055,0
spotify,2023-01-30,1,0.06444284740973671,3.1780538303479458,0
spotify,2023-06-26,2,0.10128477703710814,1.5890269151739729,0
spotify,2023-07-03,1,-0.187339591467925,4.969813299576001,0
spotify,2023-11-20,2,0.29157751468301285,1.7631802623080808,0
spotify,2024-01-01,2,0.05183752684123988,0.6931471805599453,0
spotify,2024-02-26,2,-0.16269994347192096,1.151292546497023,0
spotify,2024-05-13,1,-0.1766755053865836,3.218875824868201,0
spotify,2024-06-03,1,0.0544175093746162,4.477336814478207,0
spotify,2024-06-17,2,-0.057582921065545634,2.5737472384067264,0
spotify,2024-06-24,1,-0.010382766967495627,2.8903717578961645,0
spotify,2024-07-08,2,0.22299235368768677,1.9560115027140732,0
spotify,2024-08-05,2,-0.12618217327781167,0.8958797346140275,0
spotify,2024-09-23,2,0.13647011579044488,0.6931471805599453,0
spotify,2024-11-25,1,0.10550991666968912,2.1972245773362196,0
spotify,2024-12-02,2,0.0466555844836023,4.717740962976532,0
starbucks,2023-05-29,1,-0.06439672823766074,3.044522437723423,0
starbucks,2023-09-25,2,-0.049952075532928575,0.6931471805599453,0
starbucks,2024-07-01,2,0.13129332766493462,4.828153711696839,0
starbucks,2024-08-05,2,0.012321948483986489,1.5890269151739729,0
starbucks,2024-08-12,2,-0.15440353745907487,2.368099224197248,0
starbucks,2024-08-19,2,0.059113960776812746,1.666102255087602,0
starbucks,2024-12-09,1,0.029092761066067396,9.182352335436017,0
tesla,2023-02-06,1,0.06908634601859376,3.8918202981106265,0
tesla,2023-04-10,1,-0.017282333269207584,2.8903717578961645,0
tesla,2023-08-07,2,-0.08386456858715974,0.6931471805599453,0
tesla,2023-11-27,1,0.023044697435139483,0.6931471805599453,0
tesla,2024-01-15,1,0.05414356819869681,0.6931471805599453,0
tesla,2024-03-11,2,0.03349286594497869,0.6931471805599453,0
tesla,2024-03-18,2,-0.03628183625028214,0.6931471805599453,0
tesla,2024-06-17,1,-0.04878648001977126,0.6931471805599453,0
tesla,2024-07-08,2,-0.06220028919051401,3.28122204684686,0
tesla,2024-07-15,4,-0.009083549948542213,3.1834211468490556,0
tesla,2024-07-29,2,0.09386962478674832,1.7631802623080808,0
tesla,2024-08-05,6,-0.0018862925970480522,0.9917737587646211,0
tesla,2024-08-12,6,-0.07222273607321483,2.4392532396856343,0
tesla,2024-08-19,6,-0.0006975384577367905,2.0296121951680792,0
tesla,2024-09-02,2,0.13289467702006164,1.0397207708399179,0
tesla,2024-09-09,2,0.006475627028976305,0.6931471805599453,0
tesla,2024-09-16,6,-0.012766085910402106,1.3275909288549987,0
tesla,2024-10-21,3,0.07207473119747476,2.9365214177847165,0
tesla,2024-11-11,1,0.024395084088666863,4.0943445622221,0
tesla,2024-11-18,1,-0.23102310259196202,0.6931471805599453,0
tesla,2024-12-02,1,-0.05196777914750328,8.147288258706624,0
tesla,2024-12-09,1,-0.07434310167786862,6.413458957167357,0
tesla,2024-12-16,1,0.1891726369728488,0.6931471805599453,0
tesla,2024-12-23,4,0.3015330658080071,2.719700406214936,0
toyota,2024-05-20,1,0.04577385572195425,0.6931471805599453,0
toyota,2024-09-09,2,-0.1498443188611418,1.0397207708399179,0
toyota,2024-09-30,2,0.25884437184407716,4.134365916058869,0
toyota,2024-10-07,4,0.332833059033419,2.854697648554888,1
toyota,2024-10-14,2,0.10297925926798257,1.545521226679158,0
toyota,2024-10-21,1,0.25191450569036533,0.6931471805599453,0
ups,2024-01-22,3,-0.20370114062438915,0.9241962407465937,1
ups,2024-04-08,2,0.11536998929526021,0.6931471805599453,0
ups,2024-08-05,1,-0.017922288894595795,0.6931471805599453,0
ups,2024-08-19,2,-0.03793368097831262,1.0397207708399179,0
ups,2024-09-02,1,-0.29800652872427236,0.6931471805599453,0
ups,2024-10-14,2,-0.19536694883439054,3.431378956525701,0
ups,2024-11-18,1,-0.1827269083714782,3.332204510175204,0
volkswagen,2024-07-22,2,0.04008409514926825,4.071031641552072,0
volkswagen,2024-08-12,1,0.10416253176572354,0.6931471805599453,0
volkswagen,2024-08-19,2,0.06508010135723907,1.9356005054539456,0
xiaomi,2023-02-13,1,-0.16350610218387374,3.970291913552122,0
xiaomi,2024-02-26,2,-0.22627051215732763,1.7631802623080808,1
youtube,2023-01-02,1,-0.10391605839786422,3.9889840465642745,0
youtube,2023-01-09,2,0.12380970523196311,2.0036665926162356,0
youtube,2023-01-16,2,-0.09949075698474985,3.208366141256163,0
youtube,2023-01-23,2,0.0745116871468241,3.257356345436265,0
youtube,2023-01-30,1,-0.04185549583235115,2.5649493574615367,0
youtube,2023-02-06,1,0.04601707121838672,1.6094379124341005,0
youtube,2023-02-13,4,-0.037494719463090576,3.714800481933157,0
youtube,2023-03-06,2,0.05743038773782061,5.427495488083013,0
youtube,2023-03-13,1,0.15770639409822707,2.995732273553991,0
youtube,2023-03-20,1,0.03143063135604507,4.174387269895637,0
youtube,2023-04-10,2,0.03219391739452249,2.585241997519076,0
youtube,2023-04-24,3,0.014709586703294994,2.812716661358595,0
youtube,2023-05-01,2,0.12226328336467418,3.255129170261575,0
youtube,2023-05-08,2,0.07140216174423841,1.151292546497023,0
youtube,2023-05-15,1,-0.22740607149808056,10.203406942652387,0
youtube,2023-06-26,1,-0.0783603935242354,5.220355825078324,0
youtube,2023-08-07,3,0.13042394029980642,0.6931471805599453,0
youtube,2023-08-14,2,-0.04748902645161479,0.6931471805599453,0
youtube,2023-08-21,2,0.07258617317324934,0.6931471805599453,0
youtube,2023-08-28,4,0.08185331156357734,0.6931471805599453,0
youtube,2023-09-04,4,-0.04643578819678851,0.6931471805599453,0
youtube,2023-09-25,2,-0.23632247610873947,0.6931471805599453,0
youtube,2023-10-09,2,-0.15018166937170463,0.6931471805599453,0
youtube,2023-10-16,7,-0.06433189639525543,0.6931471805599453,0
youtube,2023-10-23,4,0.020099723354064736,0.6931471805599453,0
youtube,2023-10-30,6,-0.2325283377508356,2.1851024383949635,0
youtube,2023-11-06,2,-0.1546677455336578,2.802901033147999,0
youtube,2023-11-13,4,-0.05284878829949591,2.6073497034300397,0
youtube,2023-11-27,7,-0.07641624390958311,1.5505805374824047,0
youtube,2023-12-04,5,-0.023802855125124367,1.6239392505914498,0
youtube,2023-12-11,2,-0.0360066637839509,0.6931471805599453,0
youtube,2023-12-18,2,-0.06727824932215754,3.9679725516768505,0
youtube,2024-01-01,1,0.012519653996449165,0.6931471805599453,0
youtube,2024-01-08,2,-0.06817452435143423,1.0397207708399179,0
youtube,2024-01-15,7,-0.034294732439150266,1.1790325207973962,0
youtube,2024-01-22,2,-0.102731778000134,2.908555579981602,0
youtube,2024-01-29,2,-0.10724166651289124,0.6931471805599453,0
youtube,2024-02-05,2,-0.01620282751173363,0.6931471805599453,0
youtube,2024-02-12,6,0.039183916535246034,1.1816794726293487,0
youtube,2024-02-26,2,-0.16269994347192096,1.151292546497023,0
youtube,2024-03-04,4,-0.26166902158443506,2.1071451332649085,0
youtube,2024-03-11,1,-0.0020586448426911375,0.6931471805599453,0
youtube,2024-03-25,2,0.029546989904815746,0.6931471805599453,0
youtube,2024-04-01,2,0.1825289769703886,1.791759469228055,0
youtube,2024-04-15,2,0.31932219068914947,0.6931471805599453,0
youtube,2024-04-22,2,-0.07411365629081956,4.787561182404406,0
youtube,2024-05-06,2,0.14720414406565396,1.3862943611198906,0
youtube,2024-05-13,3,-0.12599149682493285,2.7809466014238198,0
youtube,2024-05-20,4,0.21257557264129368,2.9680761872207597,0
youtube,2024-05-27,6,-0.015543695395033788,0.9613868326322955,0
youtube,2024-06-03,2,0.16540040796371613,1.151292546497023,0
youtube,2024-06-10,3,-0.1768308644088421,1.3170812395271423,0
youtube,2024-06-17,4,-0.13681150349771087,2.08211276670484,0
youtube,2024-06-24,2,-0.08834568885175997,1.7328679513998633,0
youtube,2024-07-01,4,0.2584274656123773,0.8664339756999316,0
youtube,2024-07-08,8,0.0183946310560259,2.291281031109847,1
youtube,2024-07-15,2,-0.05924534380125124,2.2608942885245202,0
youtube,2024-07-22,5,-0.09082028574182459,1.5069525314075074,0
youtube,2024-07-29,10,-0.11679334543669881,2.1735322092212987,1
youtube,2024-08-05,2,-0.04595044006975968,1.629048269010741,0
youtube,2024-08-12,2,0.0026138805681377164,3.8272216132350563,0
youtube,2024-08-19,5,0.27164732732861696,1.3969432640236532,0
youtube,2024-08-26,12,0.07962642861347528,1.9156850596886699,1
youtube,2024-09-02,7,-0.06074336593482599,1.357316762189212,0
youtube,2024-09-09,7,-0.00687655623087429,2.761138100324731,0
youtube,2024-09-16,9,0.07025801732193553,1.4283398811449277,1
youtube,2024-09-23,4,0.06644050270664081,2.0334702219873018,0
youtube,2024-09-30,14,-0.010461831499932421,2.1494728676533588,1
youtube,2024-10-07,3,-0.01020650120138574,2.0228085294147036,0
youtube,2024-10-14,6,-0.08733388133234261,1.6081422223550914,0
youtube,2024-10-21,5,-0.04373117309739882,2.1177205122797615,0
youtube,2024-10-28,4,-0.043332718855644714,2.4589359751124023,0
youtube,2024-11-04,5,-0.10009668041142276,2.8600805599407524,0
youtube,2024-11-11,2,-0.10526041125253016,2.3025850929940455,0
youtube,2024-11-18,4,-0.060376946986096414,3.1158754187027338,0
youtube,2024-11-25,1,0.07529975947818457,8.45765547870004,0
youtube,2024-12-02,4,-0.17377969812059746,5.028941987206657,0
youtube,2024-12-09,1,-0.0367308502625292,1.9459101490553132,0
youtube,2024-12-16,3,0.04723772964864281,3.857693129263325,0
youtube,2024-12-23,2,0.10429906887583229,2.5529727369502906,0
youtube,2024-12-30,2,0.019271747185264587,1.3862943611198906,0
zara,2023-11-27,2,-0.11794153032116128,0.6931471805599453,1
zara,2024-08-12,1,-0.17041966398564057,0.6931471805599453,0
